{"cameraMode":{"drawMode":0,"name":"Shaded","section":"Shading Mode"},"sceneLighting":false,"audioPlay":false,"sceneViewState":{"showFog":true,"showMaterialUpdate":false,"showSkybox":false,"showFlares":true,"showImageEffects":true,"showParticleSystems":true},"in2DMode":false,"pivot":{"x":14.007863998413086,"y":4.405200481414795,"z":4.816921234130859},"rotation":{"x":0.502345085144043,"y":0.31269049644470217,"z":-0.20121872425079347,"w":0.7806116938591003},"size":18.696861267089845,"orthographic":false}